Sentences,File location,gloss_sequence,signer_id,sample_id
it does not make any difference to me,ISL_CSLRT_Corpus\Videos_Sentence_Level\it does not make any difference to me\difference (5).MP4,IT MAKE ANY DIFFERENCE  ME DO NOT ,6,ISL_0278_S6
tell me truth,ISL_CSLRT_Corpus\Videos_Sentence_Level\tell me truth\truth (4).MP4,TELL TRUTH,6,ISL_0341_S6
do me a favour,ISL_CSLRT_Corpus\Videos_Sentence_Level\do me a favour\favour.MP4,DO  FAVOUR ME,4,ISL_0046_S4
do not worry,ISL_CSLRT_Corpus\Videos_Sentence_Level\do not worry\MVI_6633.MP4,DONOT WORRY,4,ISL_0065_S4
do not abuse him,ISL_CSLRT_Corpus\Videos_Sentence_Level\do not abuse him\abuse (3).MP4, HIM ABUSE DONOT,5,ISL_0048_S5
what you want,ISL_CSLRT_Corpus\Videos_Sentence_Level\what you want\what you want (3).MP4,YOU WANT WHAT ,2,ISL_0409_S2
do not be stubborn,ISL_CSLRT_Corpus\Videos_Sentence_Level\do not be stubborn\stubborn (4).MP4,STUBBORN  BE DONOT,3,ISL_0053_S3
i enjoyed a lot,ISL_CSLRT_Corpus\Videos_Sentence_Level\i enjoyed a lot\enjoy.MP4,I ENJOYED A LOT,0,ISL_0240_S0
i am suffering from fever,ISL_CSLRT_Corpus\Videos_Sentence_Level\i am suffering from fever\fever (2).MP4,I FEVER SUFFERING  ,0,ISL_0204_S0
try to understand,ISL_CSLRT_Corpus\Videos_Sentence_Level\try to understand\understand.MP4,YOU TRY UNDERSTAND,6,ISL_0362_S6
pour some more water into the glass,ISL_CSLRT_Corpus\Videos_Sentence_Level\pour some more water into the glass\pour (4).MP4,WATER POUR  GLASS,6,ISL_0308_S6
are you free today,ISL_CSLRT_Corpus\Videos_Sentence_Level\are you free today\free (5).MP4,YOU FREE TODAY,2,ISL_0004_S2
how can i trust you,ISL_CSLRT_Corpus\Videos_Sentence_Level\how can i trust you\trust.MP4,I TRUST YOU HOW ,4,ISL_0133_S4
what do you think,ISL_CSLRT_Corpus\Videos_Sentence_Level\what do you think\what do you think (1).MP4, DO YOU THINK WHAT,1,ISL_0387_S1
you are good,ISL_CSLRT_Corpus\Videos_Sentence_Level\you are good\good (5).MP4,YOU GOOD,1,ISL_0451_S1
what happened,ISL_CSLRT_Corpus\Videos_Sentence_Level\what happened\happened (2).MP4,HAPPENED WHAT ,4,ISL_0398_S4
speak softly,ISL_CSLRT_Corpus\Videos_Sentence_Level\speak softly\softly.MP4,SPEAK SOFTLY,0,ISL_0333_S0
i am fine. thank you sir,ISL_CSLRT_Corpus\Videos_Sentence_Level\i am fine. thank you sir\fine thank (5).MP4,I FINE THANK YOU ,2,ISL_0172_S2
comb your hair,ISL_CSLRT_Corpus\Videos_Sentence_Level\comb your hair\comb (4).MP4,COMB YOU HAIR,6,ISL_0029_S6
do not make me angry,ISL_CSLRT_Corpus\Videos_Sentence_Level\do not make me angry\me angry (4).MP4,YOU ANGRY DONOT,5,ISL_0057_S5
do not be stubborn,ISL_CSLRT_Corpus\Videos_Sentence_Level\do not be stubborn\stubborn (4).MP4,STUBBORN  BE DONOT,5,ISL_0053_S5
how can i trust you,ISL_CSLRT_Corpus\Videos_Sentence_Level\how can i trust you\trust (2).MP4,I TRUST YOU HOW ,4,ISL_0129_S4
where are you from,ISL_CSLRT_Corpus\Videos_Sentence_Level\where are you from\where are you from (5).MP4,YOU FROM WHERE ,5,ISL_0421_S5
take care of yourself,ISL_CSLRT_Corpus\Videos_Sentence_Level\take care of yourself\take care (5).MP4,TAKE CARE  YOURSELF,5,ISL_0337_S5
what are you doing,ISL_CSLRT_Corpus\Videos_Sentence_Level\what are you doing\what are you doing (5).MP4, YOU DO WHAT,3,ISL_0376_S3
how dare you,ISL_CSLRT_Corpus\Videos_Sentence_Level\how dare you\dare (3).MP4, DARE YOU HOW,0,ISL_0135_S0
i am crying,ISL_CSLRT_Corpus\Videos_Sentence_Level\i am crying\i am crying (4).MP4,I CRY,6,ISL_0155_S6
why are you angry,ISL_CSLRT_Corpus\Videos_Sentence_Level\why are you angry\angry (3).MP4,YOU ANGRY WHY ,3,ISL_0428_S3
i am sitting in the class,ISL_CSLRT_Corpus\Videos_Sentence_Level\i am sitting in the class\sitting (2).MP4,I SITTING CLASS,2,ISL_0194_S2
do not be stubborn,ISL_CSLRT_Corpus\Videos_Sentence_Level\do not be stubborn\stubborn (4).MP4,STUBBORN  BE DONOT,0,ISL_0053_S0
now onwards he will never hurt you,ISL_CSLRT_Corpus\Videos_Sentence_Level\now onwards he will never hurt you\never hurt (2).MP4,NOW ONWARDS HE HURT YOU NEVER ,2,ISL_0301_S2
he is on the way,ISL_CSLRT_Corpus\Videos_Sentence_Level\he is on the way\way (4).MP4,HE ON THE WAY,3,ISL_0098_S3
it was nice chatting with you,ISL_CSLRT_Corpus\Videos_Sentence_Level\it was nice chatting with you\MVI_6853.MP4,YOU CHAT NICE,2,ISL_0284_S2
had your food,ISL_CSLRT_Corpus\Videos_Sentence_Level\had your food\food (2).MP4, FOOD HAD,0,ISL_0081_S0
i promise,ISL_CSLRT_Corpus\Videos_Sentence_Level\i promise\promise (4).MP4,I PROMISE,1,ISL_0257_S1
take care of yourself,ISL_CSLRT_Corpus\Videos_Sentence_Level\take care of yourself\take care (5).MP4,TAKE CARE  YOURSELF,1,ISL_0337_S1
how can i help you,ISL_CSLRT_Corpus\Videos_Sentence_Level\how can i help you\how can i help you (6).MP4, I HELP YOU HOW,2,ISL_0127_S2
do not worry,ISL_CSLRT_Corpus\Videos_Sentence_Level\do not worry\MVI_6633.MP4,DONOT WORRY,2,ISL_0065_S2
i somehow got to know about it,ISL_CSLRT_Corpus\Videos_Sentence_Level\i somehow got to know about it\somehow.MP4,I SOMEHOW GOT KNOW ABOUT IT,2,ISL_0269_S2
why are you angry,ISL_CSLRT_Corpus\Videos_Sentence_Level\why are you angry\angry.MP4,YOU ANGRY WHY ,5,ISL_0431_S5
nice to meet you,ISL_CSLRT_Corpus\Videos_Sentence_Level\nice to meet you\nice to meet you (6).MP4,NICE MEET YOU,0,ISL_0299_S0
let him take time,ISL_CSLRT_Corpus\Videos_Sentence_Level\let him take time\time (5).MP4,LET HIM TAKE TIME,6,ISL_0288_S6
i got hurt,ISL_CSLRT_Corpus\Videos_Sentence_Level\i got hurt\got hurt (4).MP4,I GOT HURT,5,ISL_0247_S5
i am tired,ISL_CSLRT_Corpus\Videos_Sentence_Level\i am tired\tired (2).MP4,I TIRED,4,ISL_0209_S4
comb your hair,ISL_CSLRT_Corpus\Videos_Sentence_Level\comb your hair\comb (5).MP4,COMB YOU HAIR,3,ISL_0030_S3
i promise,ISL_CSLRT_Corpus\Videos_Sentence_Level\i promise\promise.MP4,I PROMISE,3,ISL_0259_S3
can you repeat that please,ISL_CSLRT_Corpus\Videos_Sentence_Level\can you repeat that please\can you repeat that please (1).MP4,YOU REPEAT PLEASE,4,ISL_0022_S4
comb your hair,ISL_CSLRT_Corpus\Videos_Sentence_Level\comb your hair\comb.MP4,COMB YOU HAIR,0,ISL_0031_S0
my name is xxxxxxxx,ISL_CSLRT_Corpus\Videos_Sentence_Level\my name is xxxxxxxx\my name is xxxxxxxx (3).MP4,MY NAME XXXXXXXX,6,ISL_0292_S6
how old are you,ISL_CSLRT_Corpus\Videos_Sentence_Level\how old are you\how old are you (4).MP4,HOW OLD YOU,0,ISL_0140_S0
thank you so much,ISL_CSLRT_Corpus\Videos_Sentence_Level\thank you so much\thank you so much (5).MP4,THANK YOU SO MUCH,5,ISL_0346_S5
what are you doing,ISL_CSLRT_Corpus\Videos_Sentence_Level\what are you doing\what are you doing (3).MP4, YOU DO WHAT,1,ISL_0374_S1
that is so kind of you,ISL_CSLRT_Corpus\Videos_Sentence_Level\that is so kind of you\MVI_6106.MP4, YOU KIND THAT,3,ISL_0348_S3
i do not like it,ISL_CSLRT_Corpus\Videos_Sentence_Level\i do not like it\hate it.MP4,I  LIKE IT DO NOT,6,ISL_0231_S6
how dare you,ISL_CSLRT_Corpus\Videos_Sentence_Level\how dare you\dare (3).MP4, DARE YOU HOW,6,ISL_0135_S6
prepare the bed,ISL_CSLRT_Corpus\Videos_Sentence_Level\prepare the bed\bed (3).MP4,PREPARE BED,6,ISL_0312_S6
can you repeat that please,ISL_CSLRT_Corpus\Videos_Sentence_Level\can you repeat that please\can you repeat that please (4).MP4,YOU REPEAT PLEASE,5,ISL_0024_S5
i am (age),ISL_CSLRT_Corpus\Videos_Sentence_Level\i am (age)\i am (age) (1).MP4,I OLD,6,ISL_0144_S6
what do you want to become,ISL_CSLRT_Corpus\Videos_Sentence_Level\what do you want to become\become (3).MP4,WHAT DO YOU WANT BECOME,4,ISL_0393_S4
you can do it,ISL_CSLRT_Corpus\Videos_Sentence_Level\you can do it\can do (5).MP4,YOU DO IT,3,ISL_0461_S3
i got hurt,ISL_CSLRT_Corpus\Videos_Sentence_Level\i got hurt\got hurt (2).MP4,I GOT HURT,6,ISL_0245_S6
i am afraid of that,ISL_CSLRT_Corpus\Videos_Sentence_Level\i am afraid of that\afraid.MP4,I AFRAID THAT,3,ISL_0153_S3
he would be coming today,ISL_CSLRT_Corpus\Videos_Sentence_Level\he would be coming today\today (5).MP4,HE COMING TODAY,1,ISL_0108_S1
This place is beautiful,ISL_CSLRT_Corpus\Videos_Sentence_Level\This place is beautiful\MVI_6502.MP4,THIS PLACE BEAUTIFUL,6,ISL_0357_S6
i promise,ISL_CSLRT_Corpus\Videos_Sentence_Level\i promise\promise (4).MP4,I PROMISE,0,ISL_0257_S0
do you need something,ISL_CSLRT_Corpus\Videos_Sentence_Level\do you need something\need something.MP4,DO YOU NEED SOMETHING,0,ISL_0071_S0
how can i help you,ISL_CSLRT_Corpus\Videos_Sentence_Level\how can i help you\how can i help you (7).MP4, I HELP YOU HOW,1,ISL_0128_S1
he is on the way,ISL_CSLRT_Corpus\Videos_Sentence_Level\he is on the way\way.MP4,HE ON THE WAY,6,ISL_0099_S6
we are all with you,ISL_CSLRT_Corpus\Videos_Sentence_Level\we are all with you\MVI_6957.MP4,WE ALL WITH YOU,4,ISL_0367_S4
how can i trust you,ISL_CSLRT_Corpus\Videos_Sentence_Level\how can i trust you\trust (3).MP4,I TRUST YOU HOW ,6,ISL_0130_S6
what is your phone number,ISL_CSLRT_Corpus\Videos_Sentence_Level\what is your phone number\what is your phone number (5).MP4, YOUR PHONE NUMBER WHAT,3,ISL_0406_S3
nice to meet you,ISL_CSLRT_Corpus\Videos_Sentence_Level\nice to meet you\nice to meet you (3).MP4,NICE MEET YOU,5,ISL_0296_S5
are you hiding something,ISL_CSLRT_Corpus\Videos_Sentence_Level\are you hiding something\MVI_6817.MP4,YOU HIDE SOMETHING,3,ISL_0009_S3
it was nice chatting with you,ISL_CSLRT_Corpus\Videos_Sentence_Level\it was nice chatting with you\MVI_6107.MP4,YOU CHAT NICE,0,ISL_0280_S0
speak softly,ISL_CSLRT_Corpus\Videos_Sentence_Level\speak softly\softly (2).MP4,SPEAK SOFTLY,6,ISL_0328_S6
i am sitting in the class,ISL_CSLRT_Corpus\Videos_Sentence_Level\i am sitting in the class\sitting (3).MP4,I SITTING CLASS,1,ISL_0195_S1
i do not like it,ISL_CSLRT_Corpus\Videos_Sentence_Level\i do not like it\hate (4).MP4,I  LIKE IT DO NOT,2,ISL_0230_S2
i need water,ISL_CSLRT_Corpus\Videos_Sentence_Level\i need water\i need water 7.MP4,I WATER NEED ,3,ISL_0254_S3
thank you so much,ISL_CSLRT_Corpus\Videos_Sentence_Level\thank you so much\thank you so much (6).MP4,THANK YOU SO MUCH,0,ISL_0347_S0
had your food,ISL_CSLRT_Corpus\Videos_Sentence_Level\had your food\food (3).MP4, FOOD HAD,6,ISL_0082_S6
what do you do,ISL_CSLRT_Corpus\Videos_Sentence_Level\what do you do\what do you do (1).MP4,YOU DO WHAT ,3,ISL_0383_S3
tell me truth,ISL_CSLRT_Corpus\Videos_Sentence_Level\tell me truth\truth (4).MP4,TELL TRUTH,1,ISL_0341_S1
how old are you,ISL_CSLRT_Corpus\Videos_Sentence_Level\how old are you\how old are you (3).MP4,HOW OLD YOU,6,ISL_0139_S6
you are bad,ISL_CSLRT_Corpus\Videos_Sentence_Level\you are bad\bad.MP4,YOU BAD,5,ISL_0447_S5
what you want,ISL_CSLRT_Corpus\Videos_Sentence_Level\what you want\what you want (6).MP4,YOU WANT WHAT ,4,ISL_0412_S4
how can i help you,ISL_CSLRT_Corpus\Videos_Sentence_Level\how can i help you\how can i help you (6).MP4, I HELP YOU HOW,4,ISL_0127_S4
are you hiding something,ISL_CSLRT_Corpus\Videos_Sentence_Level\are you hiding something\MVI_6817.MP4,YOU HIDE SOMETHING,1,ISL_0009_S1
can you repeat that please,ISL_CSLRT_Corpus\Videos_Sentence_Level\can you repeat that please\can you repeat that please (6).MP4,YOU REPEAT PLEASE,4,ISL_0026_S4
what you want,ISL_CSLRT_Corpus\Videos_Sentence_Level\what you want\what you want (4).MP4,YOU WANT WHAT ,3,ISL_0410_S3
my name is xxxxxxxx,ISL_CSLRT_Corpus\Videos_Sentence_Level\my name is xxxxxxxx\my name is xxxxxxxx (1).MP4,MY NAME XXXXXXXX,0,ISL_0290_S0
wear the shirt,ISL_CSLRT_Corpus\Videos_Sentence_Level\wear the shirt\shirt.MP4, SHIRT WEAR,1,ISL_0372_S1
thank you so much,ISL_CSLRT_Corpus\Videos_Sentence_Level\thank you so much\thank you so much (4).MP4,THANK YOU SO MUCH,2,ISL_0345_S2
shall we go outside,ISL_CSLRT_Corpus\Videos_Sentence_Level\shall we go outside\outside (4).MP4,OUTSIDE GO ,0,ISL_0326_S0
can you repeat that please,ISL_CSLRT_Corpus\Videos_Sentence_Level\can you repeat that please\can you repeat that please (4).MP4,YOU REPEAT PLEASE,4,ISL_0024_S4
what are you doing,ISL_CSLRT_Corpus\Videos_Sentence_Level\what are you doing\what are you doing (3).MP4, YOU DO WHAT,4,ISL_0374_S4
how dare you,ISL_CSLRT_Corpus\Videos_Sentence_Level\how dare you\dare (3).MP4, DARE YOU HOW,1,ISL_0135_S1
He is going into the room,ISL_CSLRT_Corpus\Videos_Sentence_Level\He is going into the room\room (4).MP4,HE ROOM  GO  ,0,ISL_0094_S0
i am suffering from fever,ISL_CSLRT_Corpus\Videos_Sentence_Level\i am suffering from fever\fever.MP4,I FEVER SUFFERING  ,1,ISL_0208_S1
bring water for me,ISL_CSLRT_Corpus\Videos_Sentence_Level\bring water for me\bring water for me (4).MP4,BRING WATER ME,3,ISL_0013_S3
can i help you,ISL_CSLRT_Corpus\Videos_Sentence_Level\can i help you\help (3).MP4,I HELP YOU,0,ISL_0018_S0
do not worry,ISL_CSLRT_Corpus\Videos_Sentence_Level\do not worry\worry.MP4,DONOT WORRY,6,ISL_0069_S6
what do you want to become,ISL_CSLRT_Corpus\Videos_Sentence_Level\what do you want to become\become (2).MP4,WHAT DO YOU WANT BECOME,1,ISL_0392_S1
This place is beautiful,ISL_CSLRT_Corpus\Videos_Sentence_Level\This place is beautiful\beautiful (2).MP4,THIS PLACE BEAUTIFUL,6,ISL_0353_S6
could you please talk slower,ISL_CSLRT_Corpus\Videos_Sentence_Level\could you please talk slower\could you please talk slower (7).MP4,YOU PLEASE TALK SLOWER,1,ISL_0041_S1
he came by train,ISL_CSLRT_Corpus\Videos_Sentence_Level\he came by train\train (4).MP4,HE TRAIN CAME ,5,ISL_0088_S5
help me,ISL_CSLRT_Corpus\Videos_Sentence_Level\help me\help me (3).MP4,HELP ME,1,ISL_0111_S1
serve the food,ISL_CSLRT_Corpus\Videos_Sentence_Level\serve the food\serve 1.MP4,FOOD SERVE ,5,ISL_0320_S5
i am not really sure,ISL_CSLRT_Corpus\Videos_Sentence_Level\i am not really sure\MVI_6546.MP4,I  REALLY NOT SURE,0,ISL_0184_S0
go and sleep,ISL_CSLRT_Corpus\Videos_Sentence_Level\go and sleep\sleep (3).MP4,GO SLEEP,3,ISL_0076_S3
it does not make any difference to me,ISL_CSLRT_Corpus\Videos_Sentence_Level\it does not make any difference to me\difference (3).MP4,IT MAKE ANY DIFFERENCE  ME DO NOT ,1,ISL_0276_S1
how are things,ISL_CSLRT_Corpus\Videos_Sentence_Level\how are things\things (2).MP4, THINGS HOW,3,ISL_0120_S3
serve the food,ISL_CSLRT_Corpus\Videos_Sentence_Level\serve the food\serve 1.MP4,FOOD SERVE ,3,ISL_0320_S3
i enjoyed a lot,ISL_CSLRT_Corpus\Videos_Sentence_Level\i enjoyed a lot\enjoyed (2).MP4,I ENJOYED A LOT,0,ISL_0241_S0
you are welcome,ISL_CSLRT_Corpus\Videos_Sentence_Level\you are welcome\welcome (4).MP4,YOU WELCOME,3,ISL_0455_S3
he she is my friend,ISL_CSLRT_Corpus\Videos_Sentence_Level\he she is my friend\friend.MP4,YOU MY FRIEND,0,ISL_0103_S0
you can do it,ISL_CSLRT_Corpus\Videos_Sentence_Level\you can do it\can do.MP4,YOU DO IT,1,ISL_0462_S1
can i help you,ISL_CSLRT_Corpus\Videos_Sentence_Level\can i help you\help (3).MP4,I HELP YOU,5,ISL_0018_S5
congratulations,ISL_CSLRT_Corpus\Videos_Sentence_Level\congratulations\congratulations (4).MP4,CONGRATULATIIONS,0,ISL_0033_S0
where are you from,ISL_CSLRT_Corpus\Videos_Sentence_Level\where are you from\where are you from (5).MP4,YOU FROM WHERE ,4,ISL_0421_S4
do you need something,ISL_CSLRT_Corpus\Videos_Sentence_Level\do you need something\something.MP4,DO YOU NEED SOMETHING,4,ISL_0074_S4
take care of yourself,ISL_CSLRT_Corpus\Videos_Sentence_Level\take care of yourself\take care (5).MP4,TAKE CARE  YOURSELF,2,ISL_0337_S2
i am fine. thank you sir,ISL_CSLRT_Corpus\Videos_Sentence_Level\i am fine. thank you sir\fine thank (4).MP4,I FINE THANK YOU ,0,ISL_0171_S0
prepare the bed,ISL_CSLRT_Corpus\Videos_Sentence_Level\prepare the bed\bed.MP4,PREPARE BED,0,ISL_0315_S0
i am very happy,ISL_CSLRT_Corpus\Videos_Sentence_Level\i am very happy\very happy (4).MP4,I VERY HAPPY,4,ISL_0216_S4
he came by train,ISL_CSLRT_Corpus\Videos_Sentence_Level\he came by train\train (3).MP4,HE TRAIN CAME ,1,ISL_0087_S1
i am not really sure,ISL_CSLRT_Corpus\Videos_Sentence_Level\i am not really sure\really sure (2).MP4,I  REALLY NOT SURE,0,ISL_0185_S0
This place is beautiful,ISL_CSLRT_Corpus\Videos_Sentence_Level\This place is beautiful\beautiful.MP4,THIS PLACE BEAUTIFUL,6,ISL_0356_S6
serve the food,ISL_CSLRT_Corpus\Videos_Sentence_Level\serve the food\serve (5).MP4,FOOD SERVE ,1,ISL_0319_S1
i need water,ISL_CSLRT_Corpus\Videos_Sentence_Level\i need water\i need water 4.MP4,I WATER NEED ,2,ISL_0251_S2
i do not agree,ISL_CSLRT_Corpus\Videos_Sentence_Level\i do not agree\agree (2).MP4,I AGREE DONOT ,1,ISL_0223_S1
do not make me angry,ISL_CSLRT_Corpus\Videos_Sentence_Level\do not make me angry\me angry (5).MP4,YOU ANGRY DONOT,2,ISL_0058_S2
you are bad,ISL_CSLRT_Corpus\Videos_Sentence_Level\you are bad\bad (4).MP4,YOU BAD,2,ISL_0444_S2
i promise,ISL_CSLRT_Corpus\Videos_Sentence_Level\i promise\promise (5).MP4,I PROMISE,0,ISL_0258_S0
go and sleep,ISL_CSLRT_Corpus\Videos_Sentence_Level\go and sleep\sleep (4).MP4,GO SLEEP,0,ISL_0077_S0
do not make me angry,ISL_CSLRT_Corpus\Videos_Sentence_Level\do not make me angry\me angry (4).MP4,YOU ANGRY DONOT,1,ISL_0057_S1
speak softly,ISL_CSLRT_Corpus\Videos_Sentence_Level\speak softly\softly (3).MP4,SPEAK SOFTLY,4,ISL_0329_S4
take care of yourself,ISL_CSLRT_Corpus\Videos_Sentence_Level\take care of yourself\take care (3).MP4,TAKE CARE  YOURSELF,1,ISL_0335_S1
do not abuse him,ISL_CSLRT_Corpus\Videos_Sentence_Level\do not abuse him\abuse (4).MP4, HIM ABUSE DONOT,6,ISL_0049_S6
you can do it,ISL_CSLRT_Corpus\Videos_Sentence_Level\you can do it\can do (2).MP4,YOU DO IT,5,ISL_0458_S5
pour some more water into the glass,ISL_CSLRT_Corpus\Videos_Sentence_Level\pour some more water into the glass\pour.MP4,WATER POUR  GLASS,0,ISL_0310_S0
i am so sorry to hear that,ISL_CSLRT_Corpus\Videos_Sentence_Level\i am so sorry to hear that\sorry hear.MP4,I SORRY  HEAR THAT,4,ISL_0203_S4
i am very happy,ISL_CSLRT_Corpus\Videos_Sentence_Level\i am very happy\very happy (2).MP4,I VERY HAPPY,6,ISL_0214_S6
i am sitting in the class,ISL_CSLRT_Corpus\Videos_Sentence_Level\i am sitting in the class\sitting (5).MP4,I SITTING CLASS,4,ISL_0197_S4
can i help you,ISL_CSLRT_Corpus\Videos_Sentence_Level\can i help you\help (4).MP4,I HELP YOU,6,ISL_0019_S6
go and sleep,ISL_CSLRT_Corpus\Videos_Sentence_Level\go and sleep\sleep (5).MP4,GO SLEEP,6,ISL_0078_S6
try to understand,ISL_CSLRT_Corpus\Videos_Sentence_Level\try to understand\understand (2).MP4,YOU TRY UNDERSTAND,5,ISL_0358_S5
he is on the way,ISL_CSLRT_Corpus\Videos_Sentence_Level\he is on the way\way (3).MP4,HE ON THE WAY,3,ISL_0097_S3
why are you angry,ISL_CSLRT_Corpus\Videos_Sentence_Level\why are you angry\angry (5).MP4,YOU ANGRY WHY ,6,ISL_0430_S6
what are you doing,ISL_CSLRT_Corpus\Videos_Sentence_Level\what are you doing\what are you doing (4).MP4, YOU DO WHAT,4,ISL_0375_S4
"you do anything, i do not care","ISL_CSLRT_Corpus\Videos_Sentence_Level\you do anything, i do not care\donotcare.MP4","YOU DO ANYTHING, I DONOT CARE",0,ISL_0464_S0
i am really grateful,ISL_CSLRT_Corpus\Videos_Sentence_Level\i am really grateful\MVI_6849.MP4,I REALLY GRATEFUL,0,ISL_0193_S0
how can i help you,ISL_CSLRT_Corpus\Videos_Sentence_Level\how can i help you\how can i help you (4).MP4, I HELP YOU HOW,4,ISL_0125_S4
i somehow got to know about it,ISL_CSLRT_Corpus\Videos_Sentence_Level\i somehow got to know about it\somehow (3).MP4,I SOMEHOW GOT KNOW ABOUT IT,1,ISL_0266_S1
i got hurt,ISL_CSLRT_Corpus\Videos_Sentence_Level\i got hurt\got hurt (4).MP4,I GOT HURT,2,ISL_0247_S2
i need water,ISL_CSLRT_Corpus\Videos_Sentence_Level\i need water\i need water 7.MP4,I WATER NEED ,2,ISL_0254_S2
you can do it,ISL_CSLRT_Corpus\Videos_Sentence_Level\you can do it\can do (2).MP4,YOU DO IT,0,ISL_0458_S0
do you need something,ISL_CSLRT_Corpus\Videos_Sentence_Level\do you need something\something.MP4,DO YOU NEED SOMETHING,1,ISL_0074_S1
how old are you,ISL_CSLRT_Corpus\Videos_Sentence_Level\how old are you\how old are you (6).MP4,HOW OLD YOU,4,ISL_0142_S4
i really appreciate it,ISL_CSLRT_Corpus\Videos_Sentence_Level\i really appreciate it\i really appreciate it (6).MP4,I REALLY APPRECIATE IT,3,ISL_0263_S3
you can do it,ISL_CSLRT_Corpus\Videos_Sentence_Level\you can do it\can do.MP4,YOU DO IT,0,ISL_0462_S0
i enjoyed a lot,ISL_CSLRT_Corpus\Videos_Sentence_Level\i enjoyed a lot\enjoy.MP4,I ENJOYED A LOT,3,ISL_0240_S3
what happened,ISL_CSLRT_Corpus\Videos_Sentence_Level\what happened\happened (3).MP4,HAPPENED WHAT ,2,ISL_0399_S2
my name is xxxxxxxx,ISL_CSLRT_Corpus\Videos_Sentence_Level\my name is xxxxxxxx\my name is xxxxxxxx (4).MP4,MY NAME XXXXXXXX,5,ISL_0293_S5
we are all with you,ISL_CSLRT_Corpus\Videos_Sentence_Level\we are all with you\MVI_6957.MP4,WE ALL WITH YOU,6,ISL_0367_S6
i am not really sure,ISL_CSLRT_Corpus\Videos_Sentence_Level\i am not really sure\really sure.MP4,I  REALLY NOT SURE,6,ISL_0188_S6
how dare you,ISL_CSLRT_Corpus\Videos_Sentence_Level\how dare you\dare (5).MP4, DARE YOU HOW,2,ISL_0137_S2
i do not like it,ISL_CSLRT_Corpus\Videos_Sentence_Level\i do not like it\hate (4).MP4,I  LIKE IT DO NOT,0,ISL_0230_S0
my name is xxxxxxxx,ISL_CSLRT_Corpus\Videos_Sentence_Level\my name is xxxxxxxx\my name is xxxxxxxx (3).MP4,MY NAME XXXXXXXX,0,ISL_0292_S0
when will the train leave,ISL_CSLRT_Corpus\Videos_Sentence_Level\when will the train leave\leave (4).MP4, TRAIN LEAVE WHEN,0,ISL_0415_S0
had your food,ISL_CSLRT_Corpus\Videos_Sentence_Level\had your food\food.MP4, FOOD HAD,5,ISL_0085_S5
what do you want to become,ISL_CSLRT_Corpus\Videos_Sentence_Level\what do you want to become\become (4).MP4,WHAT DO YOU WANT BECOME,0,ISL_0394_S0
he came by train,ISL_CSLRT_Corpus\Videos_Sentence_Level\he came by train\train (3).MP4,HE TRAIN CAME ,6,ISL_0087_S6
i promise,ISL_CSLRT_Corpus\Videos_Sentence_Level\i promise\promise.MP4,I PROMISE,2,ISL_0259_S2
i can not help you there,ISL_CSLRT_Corpus\Videos_Sentence_Level\i can not help you there\MVI_6545.MP4,I  HELP NOT,5,ISL_0220_S5
you are welcome,ISL_CSLRT_Corpus\Videos_Sentence_Level\you are welcome\welcome (5).MP4,YOU WELCOME,3,ISL_0456_S3
comb your hair,ISL_CSLRT_Corpus\Videos_Sentence_Level\comb your hair\comb (2).MP4,COMB YOU HAIR,0,ISL_0027_S0
he would be coming today,ISL_CSLRT_Corpus\Videos_Sentence_Level\he would be coming today\today.MP4,HE COMING TODAY,4,ISL_0109_S4
i am feeling bored,ISL_CSLRT_Corpus\Videos_Sentence_Level\i am feeling bored\bored (2).MP4,I FEEL BORED,5,ISL_0159_S5
you can do it,ISL_CSLRT_Corpus\Videos_Sentence_Level\you can do it\can do (3).MP4,YOU DO IT,3,ISL_0459_S3
i am (age),ISL_CSLRT_Corpus\Videos_Sentence_Level\i am (age)\i am (age) (2).MP4,I OLD,0,ISL_0145_S0
i am afraid of that,ISL_CSLRT_Corpus\Videos_Sentence_Level\i am afraid of that\afraid.MP4,I AFRAID THAT,0,ISL_0153_S0
comb your hair,ISL_CSLRT_Corpus\Videos_Sentence_Level\comb your hair\comb (4).MP4,COMB YOU HAIR,5,ISL_0029_S5
how old are you,ISL_CSLRT_Corpus\Videos_Sentence_Level\how old are you\how old are you (5).MP4,HOW OLD YOU,3,ISL_0141_S3
where are you from,ISL_CSLRT_Corpus\Videos_Sentence_Level\where are you from\where are you from (1).MP4,YOU FROM WHERE ,5,ISL_0418_S5
i can not help you there,ISL_CSLRT_Corpus\Videos_Sentence_Level\i can not help you there\MVI_6545.MP4,I  HELP NOT,3,ISL_0220_S3
i was stopped by some one,ISL_CSLRT_Corpus\Videos_Sentence_Level\i was stopped by some one\MVI_6955.MP4,I STOPPED BY SOMEONE,4,ISL_0271_S4
can you repeat that please,ISL_CSLRT_Corpus\Videos_Sentence_Level\can you repeat that please\can you repeat that please (5).MP4,YOU REPEAT PLEASE,1,ISL_0025_S1
i am feeling cold,ISL_CSLRT_Corpus\Videos_Sentence_Level\i am feeling cold\cold (4).MP4,I FEEL COLD,3,ISL_0166_S3
serve the food,ISL_CSLRT_Corpus\Videos_Sentence_Level\serve the food\serve.MP4,FOOD SERVE ,0,ISL_0322_S0
bring water for me,ISL_CSLRT_Corpus\Videos_Sentence_Level\bring water for me\bring water for me (1).MP4,BRING WATER ME,4,ISL_0011_S4
what do you think,ISL_CSLRT_Corpus\Videos_Sentence_Level\what do you think\what do you think (3).MP4, DO YOU THINK WHAT,0,ISL_0388_S0
i was stopped by some one,ISL_CSLRT_Corpus\Videos_Sentence_Level\i was stopped by some one\stopped (2).MP4,I STOPPED BY SOMEONE,2,ISL_0272_S2
you are bad,ISL_CSLRT_Corpus\Videos_Sentence_Level\you are bad\bad (5).MP4,YOU BAD,4,ISL_0445_S4
serve the food,ISL_CSLRT_Corpus\Videos_Sentence_Level\serve the food\serve (3).MP4,FOOD SERVE ,1,ISL_0317_S1
i am afraid of that,ISL_CSLRT_Corpus\Videos_Sentence_Level\i am afraid of that\afraid.MP4,I AFRAID THAT,2,ISL_0153_S2
shall we go outside,ISL_CSLRT_Corpus\Videos_Sentence_Level\shall we go outside\MVI_6498.MP4,OUTSIDE GO ,0,ISL_0323_S0
do not take it to the heart,ISL_CSLRT_Corpus\Videos_Sentence_Level\do not take it to the heart\heart.MP4,YOU  HEART DONOT TAKE IT,6,ISL_0064_S6
take care of yourself,ISL_CSLRT_Corpus\Videos_Sentence_Level\take care of yourself\take care (3).MP4,TAKE CARE  YOURSELF,4,ISL_0335_S4
who are you,ISL_CSLRT_Corpus\Videos_Sentence_Level\who are you\who are you (4).MP4,YOU WHO ,5,ISL_0424_S5
do you need something,ISL_CSLRT_Corpus\Videos_Sentence_Level\do you need something\need something.MP4,DO YOU NEED SOMETHING,4,ISL_0071_S4
i am not really sure,ISL_CSLRT_Corpus\Videos_Sentence_Level\i am not really sure\really sure (4).MP4,I  REALLY NOT SURE,5,ISL_0187_S5
i am in dilemma what to do,ISL_CSLRT_Corpus\Videos_Sentence_Level\i am in dilemma what to do\dilemma (2).MP4,I DILEMMA WHAT TO DO,0,ISL_0179_S0
what do you want to become,ISL_CSLRT_Corpus\Videos_Sentence_Level\what do you want to become\become.MP4,WHAT DO YOU WANT BECOME,3,ISL_0396_S3
i enjoyed a lot,ISL_CSLRT_Corpus\Videos_Sentence_Level\i enjoyed a lot\enjoy (2).MP4,I ENJOYED A LOT,0,ISL_0239_S0
why are you disappointed,ISL_CSLRT_Corpus\Videos_Sentence_Level\why are you disappointed\disappointed (5).MP4, YOU DISAPPOINTED WHY,2,ISL_0440_S2
let him take time,ISL_CSLRT_Corpus\Videos_Sentence_Level\let him take time\time (4).MP4,LET HIM TAKE TIME,5,ISL_0287_S5
you are welcome,ISL_CSLRT_Corpus\Videos_Sentence_Level\you are welcome\welcome (5).MP4,YOU WELCOME,2,ISL_0456_S2
let him take time,ISL_CSLRT_Corpus\Videos_Sentence_Level\let him take time\time (3).MP4,LET HIM TAKE TIME,1,ISL_0286_S1
could you please talk slower,ISL_CSLRT_Corpus\Videos_Sentence_Level\could you please talk slower\could you please talk slower (4).MP4,YOU PLEASE TALK SLOWER,3,ISL_0038_S3
do not be stubborn,ISL_CSLRT_Corpus\Videos_Sentence_Level\do not be stubborn\stubborn (3).MP4,STUBBORN  BE DONOT,0,ISL_0052_S0
comb your hair,ISL_CSLRT_Corpus\Videos_Sentence_Level\comb your hair\comb (3).MP4,COMB YOU HAIR,5,ISL_0028_S5
nice to meet you,ISL_CSLRT_Corpus\Videos_Sentence_Level\nice to meet you\nice to meet you (3).MP4,NICE MEET YOU,0,ISL_0296_S0
how old are you,ISL_CSLRT_Corpus\Videos_Sentence_Level\how old are you\how old are you (3).MP4,HOW OLD YOU,4,ISL_0139_S4
bring water for me,ISL_CSLRT_Corpus\Videos_Sentence_Level\bring water for me\bring water for me (8).MP4,BRING WATER ME,0,ISL_0015_S0
speak softly,ISL_CSLRT_Corpus\Videos_Sentence_Level\speak softly\softly 1.MP4,SPEAK SOFTLY,0,ISL_0332_S0
i am hungry,ISL_CSLRT_Corpus\Videos_Sentence_Level\i am hungry\i am hungry   (3).MP4,I HUNGRY,0,ISL_0174_S0
my name is xxxxxxxx,ISL_CSLRT_Corpus\Videos_Sentence_Level\my name is xxxxxxxx\my name is xxxxxxxx (5).MP4,MY NAME XXXXXXXX,2,ISL_0294_S2
i got hurt,ISL_CSLRT_Corpus\Videos_Sentence_Level\i got hurt\got hurt (4).MP4,I GOT HURT,4,ISL_0247_S4
are you free today,ISL_CSLRT_Corpus\Videos_Sentence_Level\are you free today\free (5).MP4,YOU FREE TODAY,5,ISL_0004_S5
i can not help you there,ISL_CSLRT_Corpus\Videos_Sentence_Level\i can not help you there\MVI_6109.MP4,I  HELP NOT,2,ISL_0218_S2
i am hungry,ISL_CSLRT_Corpus\Videos_Sentence_Level\i am hungry\i am hungry   (4).MP4,I HUNGRY,0,ISL_0175_S0
i do not mean it,ISL_CSLRT_Corpus\Videos_Sentence_Level\i do not mean it\mean (2).MP4,I  MEAN IT DO NOT,6,ISL_0233_S6
do me a favour,ISL_CSLRT_Corpus\Videos_Sentence_Level\do me a favour\favour (5).MP4,DO  FAVOUR ME,0,ISL_0045_S0
i was stopped by some one,ISL_CSLRT_Corpus\Videos_Sentence_Level\i was stopped by some one\MVI_6955.MP4,I STOPPED BY SOMEONE,6,ISL_0271_S6
i really appreciate it,ISL_CSLRT_Corpus\Videos_Sentence_Level\i really appreciate it\i really appreciate it (4).MP4,I REALLY APPRECIATE IT,4,ISL_0261_S4
had your food,ISL_CSLRT_Corpus\Videos_Sentence_Level\had your food\food (2).MP4, FOOD HAD,4,ISL_0081_S4
i am not really sure,ISL_CSLRT_Corpus\Videos_Sentence_Level\i am not really sure\MVI_6546.MP4,I  REALLY NOT SURE,1,ISL_0184_S1
when will the train leave,ISL_CSLRT_Corpus\Videos_Sentence_Level\when will the train leave\leave.MP4, TRAIN LEAVE WHEN,0,ISL_0417_S0
how can i trust you,ISL_CSLRT_Corpus\Videos_Sentence_Level\how can i trust you\trust (2).MP4,I TRUST YOU HOW ,5,ISL_0129_S5
what you want,ISL_CSLRT_Corpus\Videos_Sentence_Level\what you want\what you want (5).MP4,YOU WANT WHAT ,2,ISL_0411_S2
i really appreciate it,ISL_CSLRT_Corpus\Videos_Sentence_Level\i really appreciate it\i really appreciate it (7).MP4,I REALLY APPRECIATE IT,0,ISL_0264_S0
nice to meet you,ISL_CSLRT_Corpus\Videos_Sentence_Level\nice to meet you\nice to meet you (1).MP4,NICE MEET YOU,1,ISL_0295_S1
i somehow got to know about it,ISL_CSLRT_Corpus\Videos_Sentence_Level\i somehow got to know about it\somehow.MP4,I SOMEHOW GOT KNOW ABOUT IT,3,ISL_0269_S3
i do not like it,ISL_CSLRT_Corpus\Videos_Sentence_Level\i do not like it\hate it.MP4,I  LIKE IT DO NOT,5,ISL_0231_S5
nice to meet you,ISL_CSLRT_Corpus\Videos_Sentence_Level\nice to meet you\nice to meet you (1).MP4,NICE MEET YOU,4,ISL_0295_S4
i am in dilemma what to do,ISL_CSLRT_Corpus\Videos_Sentence_Level\i am in dilemma what to do\dilemma (3).MP4,I DILEMMA WHAT TO DO,4,ISL_0180_S4
i am sitting in the class,ISL_CSLRT_Corpus\Videos_Sentence_Level\i am sitting in the class\sitting (3).MP4,I SITTING CLASS,0,ISL_0195_S0
why are you disappointed,ISL_CSLRT_Corpus\Videos_Sentence_Level\why are you disappointed\disappointed (5).MP4, YOU DISAPPOINTED WHY,0,ISL_0440_S0
can i help you,ISL_CSLRT_Corpus\Videos_Sentence_Level\can i help you\help (2).MP4,I HELP YOU,3,ISL_0017_S3
he she is my friend,ISL_CSLRT_Corpus\Videos_Sentence_Level\he she is my friend\MVI_6500.MP4,YOU MY FRIEND,5,ISL_0104_S5
i am (age),ISL_CSLRT_Corpus\Videos_Sentence_Level\i am (age)\i am (age) (3).MP4,I OLD,5,ISL_0146_S5
what you want,ISL_CSLRT_Corpus\Videos_Sentence_Level\what you want\what you want (3).MP4,YOU WANT WHAT ,1,ISL_0409_S1
i enjoyed a lot,ISL_CSLRT_Corpus\Videos_Sentence_Level\i enjoyed a lot\enjoyed (3).MP4,I ENJOYED A LOT,1,ISL_0242_S1
take care of yourself,ISL_CSLRT_Corpus\Videos_Sentence_Level\take care of yourself\Take care (2).MP4,TAKE CARE  YOURSELF,5,ISL_0334_S5
why are you angry,ISL_CSLRT_Corpus\Videos_Sentence_Level\why are you angry\angry.MP4,YOU ANGRY WHY ,0,ISL_0431_S0
do not take it to the heart,ISL_CSLRT_Corpus\Videos_Sentence_Level\do not take it to the heart\heart.MP4,YOU  HEART DONOT TAKE IT,0,ISL_0064_S0
how old are you,ISL_CSLRT_Corpus\Videos_Sentence_Level\how old are you\how old are you (4).MP4,HOW OLD YOU,3,ISL_0140_S3
why are you disappointed,ISL_CSLRT_Corpus\Videos_Sentence_Level\why are you disappointed\disappointed (4).MP4, YOU DISAPPOINTED WHY,0,ISL_0439_S0
This place is beautiful,ISL_CSLRT_Corpus\Videos_Sentence_Level\This place is beautiful\MVI_6502.MP4,THIS PLACE BEAUTIFUL,4,ISL_0357_S4
i really appreciate it,ISL_CSLRT_Corpus\Videos_Sentence_Level\i really appreciate it\i really appreciate it (7).MP4,I REALLY APPRECIATE IT,6,ISL_0264_S6
i promise,ISL_CSLRT_Corpus\Videos_Sentence_Level\i promise\promise.MP4,I PROMISE,1,ISL_0259_S1
comb your hair,ISL_CSLRT_Corpus\Videos_Sentence_Level\comb your hair\comb (2).MP4,COMB YOU HAIR,4,ISL_0027_S4
take care of yourself,ISL_CSLRT_Corpus\Videos_Sentence_Level\take care of yourself\take care.MP4,TAKE CARE  YOURSELF,6,ISL_0338_S6
nice to meet you,ISL_CSLRT_Corpus\Videos_Sentence_Level\nice to meet you\nice to meet you (5).MP4,NICE MEET YOU,3,ISL_0298_S3
what you want,ISL_CSLRT_Corpus\Videos_Sentence_Level\what you want\what you want (5).MP4,YOU WANT WHAT ,1,ISL_0411_S1
how old are you,ISL_CSLRT_Corpus\Videos_Sentence_Level\how old are you\how old are you (5).MP4,HOW OLD YOU,1,ISL_0141_S1
i promise,ISL_CSLRT_Corpus\Videos_Sentence_Level\i promise\promise (2).MP4,I PROMISE,0,ISL_0255_S0
try to understand,ISL_CSLRT_Corpus\Videos_Sentence_Level\try to understand\understand (2).MP4,YOU TRY UNDERSTAND,4,ISL_0358_S4
comb your hair,ISL_CSLRT_Corpus\Videos_Sentence_Level\comb your hair\comb (5).MP4,COMB YOU HAIR,6,ISL_0030_S6
congratulations,ISL_CSLRT_Corpus\Videos_Sentence_Level\congratulations\congratulations (7).MP4,CONGRATULATIIONS,1,ISL_0036_S1
i got hurt,ISL_CSLRT_Corpus\Videos_Sentence_Level\i got hurt\got hurt (5).MP4,I GOT HURT,5,ISL_0248_S5
i am (age),ISL_CSLRT_Corpus\Videos_Sentence_Level\i am (age)\i am (age) (4).MP4,I OLD,4,ISL_0147_S4
i do not agree,ISL_CSLRT_Corpus\Videos_Sentence_Level\i do not agree\agree (3).MP4,I AGREE DONOT ,4,ISL_0224_S4
bring water for me,ISL_CSLRT_Corpus\Videos_Sentence_Level\bring water for me\bring water for me (8).MP4,BRING WATER ME,1,ISL_0015_S1
i am really grateful,ISL_CSLRT_Corpus\Videos_Sentence_Level\i am really grateful\MVI_6539.MP4,I REALLY GRATEFUL,6,ISL_0191_S6
tell me truth,ISL_CSLRT_Corpus\Videos_Sentence_Level\tell me truth\truth (2).MP4,TELL TRUTH,1,ISL_0339_S1
i really appreciate it,ISL_CSLRT_Corpus\Videos_Sentence_Level\i really appreciate it\i really appreciate it (6).MP4,I REALLY APPRECIATE IT,2,ISL_0263_S2
he is on the way,ISL_CSLRT_Corpus\Videos_Sentence_Level\he is on the way\way.MP4,HE ON THE WAY,3,ISL_0099_S3
do not abuse him,ISL_CSLRT_Corpus\Videos_Sentence_Level\do not abuse him\abuse (2).MP4, HIM ABUSE DONOT,3,ISL_0047_S3
No need to worry dont worry,ISL_CSLRT_Corpus\Videos_Sentence_Level\No need to worry dont worry\MVI_6496.MP4,NO NEED WORRY DONT WORRY,0,ISL_0300_S0
you are good,ISL_CSLRT_Corpus\Videos_Sentence_Level\you are good\good (5).MP4,YOU GOOD,0,ISL_0451_S0
you can do it,ISL_CSLRT_Corpus\Videos_Sentence_Level\you can do it\can do.MP4,YOU DO IT,3,ISL_0462_S3
serve the food,ISL_CSLRT_Corpus\Videos_Sentence_Level\serve the food\serve (2).MP4,FOOD SERVE ,3,ISL_0316_S3
i am not really sure,ISL_CSLRT_Corpus\Videos_Sentence_Level\i am not really sure\MVI_6546.MP4,I  REALLY NOT SURE,5,ISL_0184_S5
what happened,ISL_CSLRT_Corpus\Videos_Sentence_Level\what happened\happen.MP4,HAPPENED WHAT ,1,ISL_0397_S1
i need water,ISL_CSLRT_Corpus\Videos_Sentence_Level\i need water\i need water 3.MP4,I WATER NEED ,3,ISL_0250_S3
how are things,ISL_CSLRT_Corpus\Videos_Sentence_Level\how are things\things (3).MP4, THINGS HOW,0,ISL_0121_S0
shall we go outside,ISL_CSLRT_Corpus\Videos_Sentence_Level\shall we go outside\outside (2).MP4,OUTSIDE GO ,1,ISL_0324_S1
do not make me angry,ISL_CSLRT_Corpus\Videos_Sentence_Level\do not make me angry\me angry (3).MP4,YOU ANGRY DONOT,3,ISL_0056_S3
he she is my friend,ISL_CSLRT_Corpus\Videos_Sentence_Level\he she is my friend\friend (2).MP4,YOU MY FRIEND,2,ISL_0100_S2
He is going into the room,ISL_CSLRT_Corpus\Videos_Sentence_Level\He is going into the room\room (3).MP4,HE ROOM  GO  ,2,ISL_0093_S2
i am feeling cold,ISL_CSLRT_Corpus\Videos_Sentence_Level\i am feeling cold\cold (3).MP4,I FEEL COLD,3,ISL_0165_S3
why are you angry,ISL_CSLRT_Corpus\Videos_Sentence_Level\why are you angry\angry (2).MP4,YOU ANGRY WHY ,6,ISL_0427_S6
you can do it,ISL_CSLRT_Corpus\Videos_Sentence_Level\you can do it\can do (5).MP4,YOU DO IT,6,ISL_0461_S6
comb your hair,ISL_CSLRT_Corpus\Videos_Sentence_Level\comb your hair\comb (4).MP4,COMB YOU HAIR,3,ISL_0029_S3
help me,ISL_CSLRT_Corpus\Videos_Sentence_Level\help me\help me (1).MP4,HELP ME,0,ISL_0110_S0
speak softly,ISL_CSLRT_Corpus\Videos_Sentence_Level\speak softly\softly (5).MP4,SPEAK SOFTLY,2,ISL_0331_S2
try to understand,ISL_CSLRT_Corpus\Videos_Sentence_Level\try to understand\understand (2).MP4,YOU TRY UNDERSTAND,3,ISL_0358_S3
i am very happy,ISL_CSLRT_Corpus\Videos_Sentence_Level\i am very happy\very happy (3).MP4,I VERY HAPPY,0,ISL_0215_S0
do me a favour,ISL_CSLRT_Corpus\Videos_Sentence_Level\do me a favour\favour (5).MP4,DO  FAVOUR ME,5,ISL_0045_S5
why are you crying,ISL_CSLRT_Corpus\Videos_Sentence_Level\why are you crying\crying (4).MP4, YOU CRY WHY,0,ISL_0434_S0
what is your phone number,ISL_CSLRT_Corpus\Videos_Sentence_Level\what is your phone number\what is your phone number (5).MP4, YOUR PHONE NUMBER WHAT,4,ISL_0406_S4
how old are you,ISL_CSLRT_Corpus\Videos_Sentence_Level\how old are you\how old are you (4).MP4,HOW OLD YOU,1,ISL_0140_S1
i am suffering from fever,ISL_CSLRT_Corpus\Videos_Sentence_Level\i am suffering from fever\fever (2).MP4,I FEVER SUFFERING  ,3,ISL_0204_S3
you are bad,ISL_CSLRT_Corpus\Videos_Sentence_Level\you are bad\bad (2).MP4,YOU BAD,1,ISL_0442_S1
are you free today,ISL_CSLRT_Corpus\Videos_Sentence_Level\are you free today\free (2).MP4,YOU FREE TODAY,5,ISL_0001_S5
i do not mean it,ISL_CSLRT_Corpus\Videos_Sentence_Level\i do not mean it\mean (3).MP4,I  MEAN IT DO NOT,4,ISL_0234_S4
This place is beautiful,ISL_CSLRT_Corpus\Videos_Sentence_Level\This place is beautiful\beautiful (4).MP4,THIS PLACE BEAUTIFUL,0,ISL_0355_S0
i am so sorry to hear that,ISL_CSLRT_Corpus\Videos_Sentence_Level\i am so sorry to hear that\sorry hear (5).MP4,I SORRY  HEAR THAT,3,ISL_0202_S3
why are you crying,ISL_CSLRT_Corpus\Videos_Sentence_Level\why are you crying\crying (5).MP4, YOU CRY WHY,1,ISL_0435_S1
are you hiding something,ISL_CSLRT_Corpus\Videos_Sentence_Level\are you hiding something\MVI_6958.MP4,YOU HIDE SOMETHING,6,ISL_0010_S6
do me a favour,ISL_CSLRT_Corpus\Videos_Sentence_Level\do me a favour\favour.MP4,DO  FAVOUR ME,0,ISL_0046_S0
pour some more water into the glass,ISL_CSLRT_Corpus\Videos_Sentence_Level\pour some more water into the glass\pour (4).MP4,WATER POUR  GLASS,5,ISL_0308_S5
i can not help you there,ISL_CSLRT_Corpus\Videos_Sentence_Level\i can not help you there\MVI_6399.MP4,I  HELP NOT,0,ISL_0219_S0
i really appreciate it,ISL_CSLRT_Corpus\Videos_Sentence_Level\i really appreciate it\i really appreciate it (3).MP4,I REALLY APPRECIATE IT,6,ISL_0260_S6
my name is xxxxxxxx,ISL_CSLRT_Corpus\Videos_Sentence_Level\my name is xxxxxxxx\my name is xxxxxxxx (3).MP4,MY NAME XXXXXXXX,2,ISL_0292_S2
who are you,ISL_CSLRT_Corpus\Videos_Sentence_Level\who are you\who are you (5).MP4,YOU WHO ,6,ISL_0425_S6
that is so kind of you,ISL_CSLRT_Corpus\Videos_Sentence_Level\that is so kind of you\MVI_6722.MP4, YOU KIND THAT,3,ISL_0351_S3
thank you so much,ISL_CSLRT_Corpus\Videos_Sentence_Level\thank you so much\thank you so much (3).MP4,THANK YOU SO MUCH,6,ISL_0344_S6
serve the food,ISL_CSLRT_Corpus\Videos_Sentence_Level\serve the food\serve (3).MP4,FOOD SERVE ,6,ISL_0317_S6
i need water,ISL_CSLRT_Corpus\Videos_Sentence_Level\i need water\i need water 5.MP4,I WATER NEED ,0,ISL_0252_S0
how are things,ISL_CSLRT_Corpus\Videos_Sentence_Level\how are things\things.MP4, THINGS HOW,2,ISL_0123_S2
i am so sorry to hear that,ISL_CSLRT_Corpus\Videos_Sentence_Level\i am so sorry to hear that\sorry hear (2).MP4,I SORRY  HEAR THAT,3,ISL_0199_S3
where are you from,ISL_CSLRT_Corpus\Videos_Sentence_Level\where are you from\where are you from (4).MP4,YOU FROM WHERE ,4,ISL_0420_S4
do you need something,ISL_CSLRT_Corpus\Videos_Sentence_Level\do you need something\need something (2).MP4,DO YOU NEED SOMETHING,4,ISL_0070_S4
congratulations,ISL_CSLRT_Corpus\Videos_Sentence_Level\congratulations\congratulations (5).MP4,CONGRATULATIIONS,3,ISL_0034_S3
i somehow got to know about it,ISL_CSLRT_Corpus\Videos_Sentence_Level\i somehow got to know about it\somehow (2).MP4,I SOMEHOW GOT KNOW ABOUT IT,2,ISL_0265_S2
He is going into the room,ISL_CSLRT_Corpus\Videos_Sentence_Level\He is going into the room\room.MP4,HE ROOM  GO  ,3,ISL_0095_S3
let him take time,ISL_CSLRT_Corpus\Videos_Sentence_Level\let him take time\time (3).MP4,LET HIM TAKE TIME,6,ISL_0286_S6
go and sleep,ISL_CSLRT_Corpus\Videos_Sentence_Level\go and sleep\sleep (3).MP4,GO SLEEP,2,ISL_0076_S2
comb your hair,ISL_CSLRT_Corpus\Videos_Sentence_Level\comb your hair\comb.MP4,COMB YOU HAIR,1,ISL_0031_S1
he would be coming today,ISL_CSLRT_Corpus\Videos_Sentence_Level\he would be coming today\today (5).MP4,HE COMING TODAY,5,ISL_0108_S5
can you repeat that please,ISL_CSLRT_Corpus\Videos_Sentence_Level\can you repeat that please\can you repeat that please (5).MP4,YOU REPEAT PLEASE,5,ISL_0025_S5
how are things,ISL_CSLRT_Corpus\Videos_Sentence_Level\how are things\things.MP4, THINGS HOW,3,ISL_0123_S3
shall we go outside,ISL_CSLRT_Corpus\Videos_Sentence_Level\shall we go outside\outside (4).MP4,OUTSIDE GO ,3,ISL_0326_S3
can i help you,ISL_CSLRT_Corpus\Videos_Sentence_Level\can i help you\cannot help.MP4,I HELP YOU,1,ISL_0016_S1
i am sitting in the class,ISL_CSLRT_Corpus\Videos_Sentence_Level\i am sitting in the class\sitting (5).MP4,I SITTING CLASS,3,ISL_0197_S3
are you free today,ISL_CSLRT_Corpus\Videos_Sentence_Level\are you free today\free (2).MP4,YOU FREE TODAY,0,ISL_0001_S0
how can i help you,ISL_CSLRT_Corpus\Videos_Sentence_Level\how can i help you\how can i help you (5).MP4, I HELP YOU HOW,1,ISL_0126_S1
take care of yourself,ISL_CSLRT_Corpus\Videos_Sentence_Level\take care of yourself\take care (5).MP4,TAKE CARE  YOURSELF,3,ISL_0337_S3
thank you so much,ISL_CSLRT_Corpus\Videos_Sentence_Level\thank you so much\thank you so much (1).MP4,THANK YOU SO MUCH,6,ISL_0343_S6
why are you crying,ISL_CSLRT_Corpus\Videos_Sentence_Level\why are you crying\crying (3).MP4, YOU CRY WHY,0,ISL_0433_S0
what you want,ISL_CSLRT_Corpus\Videos_Sentence_Level\what you want\what you want (5).MP4,YOU WANT WHAT ,6,ISL_0411_S6
why are you disappointed,ISL_CSLRT_Corpus\Videos_Sentence_Level\why are you disappointed\disappointed (4).MP4, YOU DISAPPOINTED WHY,5,ISL_0439_S5
that is so kind of you,ISL_CSLRT_Corpus\Videos_Sentence_Level\that is so kind of you\MVI_6106.MP4, YOU KIND THAT,2,ISL_0348_S2
can i help you,ISL_CSLRT_Corpus\Videos_Sentence_Level\can i help you\help.MP4,I HELP YOU,4,ISL_0021_S4
i am tired,ISL_CSLRT_Corpus\Videos_Sentence_Level\i am tired\tired (5).MP4,I TIRED,0,ISL_0212_S0
i am feeling cold,ISL_CSLRT_Corpus\Videos_Sentence_Level\i am feeling cold\cold.MP4,I FEEL COLD,3,ISL_0168_S3
i was stopped by some one,ISL_CSLRT_Corpus\Videos_Sentence_Level\i was stopped by some one\MVI_6955.MP4,I STOPPED BY SOMEONE,0,ISL_0271_S0
"you do anything, i do not care","ISL_CSLRT_Corpus\Videos_Sentence_Level\you do anything, i do not care\dont care.MP4","YOU DO ANYTHING, I DONOT CARE",4,ISL_0466_S4
i am tired,ISL_CSLRT_Corpus\Videos_Sentence_Level\i am tired\tired.MP4,I TIRED,4,ISL_0213_S4
he is on the way,ISL_CSLRT_Corpus\Videos_Sentence_Level\he is on the way\way (3).MP4,HE ON THE WAY,5,ISL_0097_S5
i am sitting in the class,ISL_CSLRT_Corpus\Videos_Sentence_Level\i am sitting in the class\sitting (4).MP4,I SITTING CLASS,6,ISL_0196_S6
i am afraid of that,ISL_CSLRT_Corpus\Videos_Sentence_Level\i am afraid of that\afraid (3).MP4,I AFRAID THAT,0,ISL_0150_S0
shall we go outside,ISL_CSLRT_Corpus\Videos_Sentence_Level\shall we go outside\outside (4).MP4,OUTSIDE GO ,6,ISL_0326_S6
i somehow got to know about it,ISL_CSLRT_Corpus\Videos_Sentence_Level\i somehow got to know about it\somehow (2).MP4,I SOMEHOW GOT KNOW ABOUT IT,4,ISL_0265_S4
wear the shirt,ISL_CSLRT_Corpus\Videos_Sentence_Level\wear the shirt\shirt.MP4, SHIRT WEAR,5,ISL_0372_S5
wear the shirt,ISL_CSLRT_Corpus\Videos_Sentence_Level\wear the shirt\shirt (2).MP4, SHIRT WEAR,4,ISL_0368_S4
congratulations,ISL_CSLRT_Corpus\Videos_Sentence_Level\congratulations\congratulations (6).MP4,CONGRATULATIIONS,3,ISL_0035_S3
do not worry,ISL_CSLRT_Corpus\Videos_Sentence_Level\do not worry\worry (4).MP4,DONOT WORRY,3,ISL_0068_S3
i am very happy,ISL_CSLRT_Corpus\Videos_Sentence_Level\i am very happy\very happy (2).MP4,I VERY HAPPY,4,ISL_0214_S4
congratulations,ISL_CSLRT_Corpus\Videos_Sentence_Level\congratulations\congratulations (5).MP4,CONGRATULATIIONS,0,ISL_0034_S0
i am in dilemma what to do,ISL_CSLRT_Corpus\Videos_Sentence_Level\i am in dilemma what to do\dilemma (3).MP4,I DILEMMA WHAT TO DO,0,ISL_0180_S0
who are you,ISL_CSLRT_Corpus\Videos_Sentence_Level\who are you\who are you (3).MP4,YOU WHO ,2,ISL_0423_S2
bring water for me,ISL_CSLRT_Corpus\Videos_Sentence_Level\bring water for me\bring water for me (1).MP4,BRING WATER ME,2,ISL_0011_S2
why are you angry,ISL_CSLRT_Corpus\Videos_Sentence_Level\why are you angry\angry (5).MP4,YOU ANGRY WHY ,3,ISL_0430_S3
congratulations,ISL_CSLRT_Corpus\Videos_Sentence_Level\congratulations\congratulations (6).MP4,CONGRATULATIIONS,4,ISL_0035_S4
can you repeat that please,ISL_CSLRT_Corpus\Videos_Sentence_Level\can you repeat that please\can you repeat that please (4).MP4,YOU REPEAT PLEASE,2,ISL_0024_S2
do not make me angry,ISL_CSLRT_Corpus\Videos_Sentence_Level\do not make me angry\me angry (5).MP4,YOU ANGRY DONOT,1,ISL_0058_S1
i am in dilemma what to do,ISL_CSLRT_Corpus\Videos_Sentence_Level\i am in dilemma what to do\dilemma (2).MP4,I DILEMMA WHAT TO DO,5,ISL_0179_S5
why are you angry,ISL_CSLRT_Corpus\Videos_Sentence_Level\why are you angry\angry (2).MP4,YOU ANGRY WHY ,3,ISL_0427_S3
you are good,ISL_CSLRT_Corpus\Videos_Sentence_Level\you are good\good (4).MP4,YOU GOOD,0,ISL_0450_S0
pour some more water into the glass,ISL_CSLRT_Corpus\Videos_Sentence_Level\pour some more water into the glass\pour (2).MP4,WATER POUR  GLASS,1,ISL_0306_S1
comb your hair,ISL_CSLRT_Corpus\Videos_Sentence_Level\comb your hair\comb (2).MP4,COMB YOU HAIR,5,ISL_0027_S5
are you hiding something,ISL_CSLRT_Corpus\Videos_Sentence_Level\are you hiding something\MVI_6685.MP4,YOU HIDE SOMETHING,1,ISL_0008_S1
what happened,ISL_CSLRT_Corpus\Videos_Sentence_Level\what happened\MVI_6495.MP4,HAPPENED WHAT ,6,ISL_0401_S6
i am fine. thank you sir,ISL_CSLRT_Corpus\Videos_Sentence_Level\i am fine. thank you sir\fine thank (3).MP4,I FINE THANK YOU ,4,ISL_0170_S4
he she is my friend,ISL_CSLRT_Corpus\Videos_Sentence_Level\he she is my friend\friend.MP4,YOU MY FRIEND,6,ISL_0103_S6
why are you disappointed,ISL_CSLRT_Corpus\Videos_Sentence_Level\why are you disappointed\disappointed (3).MP4, YOU DISAPPOINTED WHY,3,ISL_0438_S3
he she is my friend,ISL_CSLRT_Corpus\Videos_Sentence_Level\he she is my friend\friend.MP4,YOU MY FRIEND,2,ISL_0103_S2
try to understand,ISL_CSLRT_Corpus\Videos_Sentence_Level\try to understand\understand (5).MP4,YOU TRY UNDERSTAND,5,ISL_0361_S5
i am really grateful,ISL_CSLRT_Corpus\Videos_Sentence_Level\i am really grateful\MVI_6104.MP4,I REALLY GRATEFUL,0,ISL_0189_S0
do not make me angry,ISL_CSLRT_Corpus\Videos_Sentence_Level\do not make me angry\me angry (4).MP4,YOU ANGRY DONOT,4,ISL_0057_S4
why are you angry,ISL_CSLRT_Corpus\Videos_Sentence_Level\why are you angry\angry (4).MP4,YOU ANGRY WHY ,2,ISL_0429_S2
i got hurt,ISL_CSLRT_Corpus\Videos_Sentence_Level\i got hurt\got hurt (5).MP4,I GOT HURT,3,ISL_0248_S3
"you do anything, i do not care","ISL_CSLRT_Corpus\Videos_Sentence_Level\you do anything, i do not care\dont care (2).MP4","YOU DO ANYTHING, I DONOT CARE",5,ISL_0465_S5
you are welcome,ISL_CSLRT_Corpus\Videos_Sentence_Level\you are welcome\welcome.MP4,YOU WELCOME,2,ISL_0457_S2
speak softly,ISL_CSLRT_Corpus\Videos_Sentence_Level\speak softly\softly (4).MP4,SPEAK SOFTLY,5,ISL_0330_S5
how can i trust you,ISL_CSLRT_Corpus\Videos_Sentence_Level\how can i trust you\trust (3).MP4,I TRUST YOU HOW ,2,ISL_0130_S2
try to understand,ISL_CSLRT_Corpus\Videos_Sentence_Level\try to understand\understand (2).MP4,YOU TRY UNDERSTAND,6,ISL_0358_S6
shall we go outside,ISL_CSLRT_Corpus\Videos_Sentence_Level\shall we go outside\outside (3).MP4,OUTSIDE GO ,0,ISL_0325_S0
how can i trust you,ISL_CSLRT_Corpus\Videos_Sentence_Level\how can i trust you\trust (5).MP4,I TRUST YOU HOW ,4,ISL_0132_S4
we are all with you,ISL_CSLRT_Corpus\Videos_Sentence_Level\we are all with you\MVI_6957.MP4,WE ALL WITH YOU,5,ISL_0367_S5
i got hurt,ISL_CSLRT_Corpus\Videos_Sentence_Level\i got hurt\got hurt (4).MP4,I GOT HURT,0,ISL_0247_S0
why are you crying,ISL_CSLRT_Corpus\Videos_Sentence_Level\why are you crying\crying (3).MP4, YOU CRY WHY,2,ISL_0433_S2
speak softly,ISL_CSLRT_Corpus\Videos_Sentence_Level\speak softly\softly (2).MP4,SPEAK SOFTLY,1,ISL_0328_S1
my name is xxxxxxxx,ISL_CSLRT_Corpus\Videos_Sentence_Level\my name is xxxxxxxx\my name is xxxxxxxx (5).MP4,MY NAME XXXXXXXX,5,ISL_0294_S5
i got hurt,ISL_CSLRT_Corpus\Videos_Sentence_Level\i got hurt\got hurt (5).MP4,I GOT HURT,1,ISL_0248_S1
i enjoyed a lot,ISL_CSLRT_Corpus\Videos_Sentence_Level\i enjoyed a lot\enjoyed.MP4,I ENJOYED A LOT,4,ISL_0244_S4
can i help you,ISL_CSLRT_Corpus\Videos_Sentence_Level\can i help you\help.MP4,I HELP YOU,6,ISL_0021_S6
i am crying,ISL_CSLRT_Corpus\Videos_Sentence_Level\i am crying\i am crying (7).MP4,I CRY,0,ISL_0158_S0
do not worry,ISL_CSLRT_Corpus\Videos_Sentence_Level\do not worry\worry (4).MP4,DONOT WORRY,1,ISL_0068_S1
i am (age),ISL_CSLRT_Corpus\Videos_Sentence_Level\i am (age)\i am (age) (2).MP4,I OLD,6,ISL_0145_S6
i am afraid of that,ISL_CSLRT_Corpus\Videos_Sentence_Level\i am afraid of that\afraid (4).MP4,I AFRAID THAT,1,ISL_0151_S1
"you need a medicine, take this one","ISL_CSLRT_Corpus\Videos_Sentence_Level\you need a medicine, take this one\medicine (5).MP4","YOU NEED A MEDICINE, TAKE THIS ONE",1,ISL_0470_S1
thank you so much,ISL_CSLRT_Corpus\Videos_Sentence_Level\thank you so much\thank you so much (6).MP4,THANK YOU SO MUCH,4,ISL_0347_S4
do not abuse him,ISL_CSLRT_Corpus\Videos_Sentence_Level\do not abuse him\abuse.MP4, HIM ABUSE DONOT,4,ISL_0050_S4
you are good,ISL_CSLRT_Corpus\Videos_Sentence_Level\you are good\good (3).MP4,YOU GOOD,4,ISL_0449_S4
i can not help you there,ISL_CSLRT_Corpus\Videos_Sentence_Level\i can not help you there\MVI_6725.MP4,I  HELP NOT,1,ISL_0221_S1
who are you,ISL_CSLRT_Corpus\Videos_Sentence_Level\who are you\who are you (5).MP4,YOU WHO ,5,ISL_0425_S5
i promise,ISL_CSLRT_Corpus\Videos_Sentence_Level\i promise\promise (4).MP4,I PROMISE,5,ISL_0257_S5
how can i help you,ISL_CSLRT_Corpus\Videos_Sentence_Level\how can i help you\how can i help you (3).MP4, I HELP YOU HOW,1,ISL_0124_S1
i am afraid of that,ISL_CSLRT_Corpus\Videos_Sentence_Level\i am afraid of that\afraid.MP4,I AFRAID THAT,5,ISL_0153_S5
i am afraid of that,ISL_CSLRT_Corpus\Videos_Sentence_Level\i am afraid of that\afraid (2).MP4,I AFRAID THAT,4,ISL_0149_S4
i am sitting in the class,ISL_CSLRT_Corpus\Videos_Sentence_Level\i am sitting in the class\sitting.MP4,I SITTING CLASS,6,ISL_0198_S6
"you do anything, i do not care","ISL_CSLRT_Corpus\Videos_Sentence_Level\you do anything, i do not care\dont care (2).MP4","YOU DO ANYTHING, I DONOT CARE",2,ISL_0465_S2
i am suffering from fever,ISL_CSLRT_Corpus\Videos_Sentence_Level\i am suffering from fever\fever (4).MP4,I FEVER SUFFERING  ,5,ISL_0206_S5
what you want,ISL_CSLRT_Corpus\Videos_Sentence_Level\what you want\what you want (6).MP4,YOU WANT WHAT ,0,ISL_0412_S0
he would be coming today,ISL_CSLRT_Corpus\Videos_Sentence_Level\he would be coming today\today (2).MP4,HE COMING TODAY,5,ISL_0105_S5
i am hungry,ISL_CSLRT_Corpus\Videos_Sentence_Level\i am hungry\i am hungry   (5).MP4,I HUNGRY,0,ISL_0176_S0
are you hiding something,ISL_CSLRT_Corpus\Videos_Sentence_Level\are you hiding something\MVI_6685.MP4,YOU HIDE SOMETHING,2,ISL_0008_S2
when will the train leave,ISL_CSLRT_Corpus\Videos_Sentence_Level\when will the train leave\leave (3).MP4, TRAIN LEAVE WHEN,4,ISL_0414_S4
had your food,ISL_CSLRT_Corpus\Videos_Sentence_Level\had your food\food (5).MP4, FOOD HAD,1,ISL_0084_S1
what do you want to become,ISL_CSLRT_Corpus\Videos_Sentence_Level\what do you want to become\become (5).MP4,WHAT DO YOU WANT BECOME,2,ISL_0395_S2
i am very happy,ISL_CSLRT_Corpus\Videos_Sentence_Level\i am very happy\very happy (3).MP4,I VERY HAPPY,6,ISL_0215_S6
i am suffering from fever,ISL_CSLRT_Corpus\Videos_Sentence_Level\i am suffering from fever\fever (4).MP4,I FEVER SUFFERING  ,6,ISL_0206_S6
i am not really sure,ISL_CSLRT_Corpus\Videos_Sentence_Level\i am not really sure\really sure (4).MP4,I  REALLY NOT SURE,6,ISL_0187_S6
who are you,ISL_CSLRT_Corpus\Videos_Sentence_Level\who are you\who are you (4).MP4,YOU WHO ,4,ISL_0424_S4
now onwards he will never hurt you,ISL_CSLRT_Corpus\Videos_Sentence_Level\now onwards he will never hurt you\never hurt (2).MP4,NOW ONWARDS HE HURT YOU NEVER ,4,ISL_0301_S4
can i help you,ISL_CSLRT_Corpus\Videos_Sentence_Level\can i help you\help (5).MP4,I HELP YOU,5,ISL_0020_S5
let him take time,ISL_CSLRT_Corpus\Videos_Sentence_Level\let him take time\time.MP4,LET HIM TAKE TIME,4,ISL_0289_S4
i enjoyed a lot,ISL_CSLRT_Corpus\Videos_Sentence_Level\i enjoyed a lot\enjoyed (4).MP4,I ENJOYED A LOT,5,ISL_0243_S5
thank you so much,ISL_CSLRT_Corpus\Videos_Sentence_Level\thank you so much\thank you so much (3).MP4,THANK YOU SO MUCH,5,ISL_0344_S5
what have you planned for your career,ISL_CSLRT_Corpus\Videos_Sentence_Level\what have you planned for your career\MVI_6499.MP4, YOU PLAN CAREER WHAT,4,ISL_0402_S4
do me a favour,ISL_CSLRT_Corpus\Videos_Sentence_Level\do me a favour\favour (2).MP4,DO  FAVOUR ME,3,ISL_0042_S3
you are bad,ISL_CSLRT_Corpus\Videos_Sentence_Level\you are bad\bad (3).MP4,YOU BAD,0,ISL_0443_S0
serve the food,ISL_CSLRT_Corpus\Videos_Sentence_Level\serve the food\serve (2).MP4,FOOD SERVE ,0,ISL_0316_S0
speak softly,ISL_CSLRT_Corpus\Videos_Sentence_Level\speak softly\softly (4).MP4,SPEAK SOFTLY,3,ISL_0330_S3
i promise,ISL_CSLRT_Corpus\Videos_Sentence_Level\i promise\promise (2).MP4,I PROMISE,3,ISL_0255_S3
prepare the bed,ISL_CSLRT_Corpus\Videos_Sentence_Level\prepare the bed\bed (5).MP4,PREPARE BED,5,ISL_0314_S5
do me a favour,ISL_CSLRT_Corpus\Videos_Sentence_Level\do me a favour\favour (3).MP4,DO  FAVOUR ME,4,ISL_0043_S4
speak softly,ISL_CSLRT_Corpus\Videos_Sentence_Level\speak softly\softly.MP4,SPEAK SOFTLY,1,ISL_0333_S1
who are you,ISL_CSLRT_Corpus\Videos_Sentence_Level\who are you\who are you (6).MP4,YOU WHO ,4,ISL_0426_S4
i am tired,ISL_CSLRT_Corpus\Videos_Sentence_Level\i am tired\tired (5).MP4,I TIRED,4,ISL_0212_S4
congratulations,ISL_CSLRT_Corpus\Videos_Sentence_Level\congratulations\congratulations (4).MP4,CONGRATULATIIONS,4,ISL_0033_S4
what did you tell him,ISL_CSLRT_Corpus\Videos_Sentence_Level\what did you tell him\tell him (2).MP4, YOU TELL HIM WHAT,3,ISL_0379_S3
now onwards he will never hurt you,ISL_CSLRT_Corpus\Videos_Sentence_Level\now onwards he will never hurt you\never hurt (4).MP4,NOW ONWARDS HE HURT YOU NEVER ,2,ISL_0303_S2
how are things,ISL_CSLRT_Corpus\Videos_Sentence_Level\how are things\things.MP4, THINGS HOW,5,ISL_0123_S5
nice to meet you,ISL_CSLRT_Corpus\Videos_Sentence_Level\nice to meet you\nice to meet you (4).MP4,NICE MEET YOU,0,ISL_0297_S0
he is on the way,ISL_CSLRT_Corpus\Videos_Sentence_Level\he is on the way\way (3).MP4,HE ON THE WAY,1,ISL_0097_S1
wear the shirt,ISL_CSLRT_Corpus\Videos_Sentence_Level\wear the shirt\shirt (2).MP4, SHIRT WEAR,1,ISL_0368_S1
do not worry,ISL_CSLRT_Corpus\Videos_Sentence_Level\do not worry\worry.MP4,DONOT WORRY,2,ISL_0069_S2
i am in dilemma what to do,ISL_CSLRT_Corpus\Videos_Sentence_Level\i am in dilemma what to do\dilemma (4).MP4,I DILEMMA WHAT TO DO,5,ISL_0181_S5
i somehow got to know about it,ISL_CSLRT_Corpus\Videos_Sentence_Level\i somehow got to know about it\somehow (4).MP4,I SOMEHOW GOT KNOW ABOUT IT,0,ISL_0267_S0
do not abuse him,ISL_CSLRT_Corpus\Videos_Sentence_Level\do not abuse him\abuse.MP4, HIM ABUSE DONOT,3,ISL_0050_S3
i am sitting in the class,ISL_CSLRT_Corpus\Videos_Sentence_Level\i am sitting in the class\sitting (5).MP4,I SITTING CLASS,0,ISL_0197_S0
what is your phone number,ISL_CSLRT_Corpus\Videos_Sentence_Level\what is your phone number\what is your phone number (1).MP4, YOUR PHONE NUMBER WHAT,0,ISL_0403_S0
let him take time,ISL_CSLRT_Corpus\Videos_Sentence_Level\let him take time\time (2).MP4,LET HIM TAKE TIME,2,ISL_0285_S2
wear the shirt,ISL_CSLRT_Corpus\Videos_Sentence_Level\wear the shirt\shirt.MP4, SHIRT WEAR,2,ISL_0372_S2
that is so kind of you,ISL_CSLRT_Corpus\Videos_Sentence_Level\that is so kind of you\MVI_6540.MP4, YOU KIND THAT,6,ISL_0350_S6
he came by train,ISL_CSLRT_Corpus\Videos_Sentence_Level\he came by train\train (5).MP4,HE TRAIN CAME ,0,ISL_0089_S0
it does not make any difference to me,ISL_CSLRT_Corpus\Videos_Sentence_Level\it does not make any difference to me\difference.MP4,IT MAKE ANY DIFFERENCE  ME DO NOT ,0,ISL_0279_S0
do me a favour,ISL_CSLRT_Corpus\Videos_Sentence_Level\do me a favour\favour.MP4,DO  FAVOUR ME,5,ISL_0046_S5
could you please talk slower,ISL_CSLRT_Corpus\Videos_Sentence_Level\could you please talk slower\could you please talk slower (3).MP4,YOU PLEASE TALK SLOWER,1,ISL_0037_S1
help me,ISL_CSLRT_Corpus\Videos_Sentence_Level\help me\help me (8).MP4,HELP ME,2,ISL_0114_S2
i am fine. thank you sir,ISL_CSLRT_Corpus\Videos_Sentence_Level\i am fine. thank you sir\fine thank (3).MP4,I FINE THANK YOU ,3,ISL_0170_S3
he would be coming today,ISL_CSLRT_Corpus\Videos_Sentence_Level\he would be coming today\today (3).MP4,HE COMING TODAY,2,ISL_0106_S2
what do you think,ISL_CSLRT_Corpus\Videos_Sentence_Level\what do you think\what do you think (4).MP4, DO YOU THINK WHAT,1,ISL_0389_S1
i am sitting in the class,ISL_CSLRT_Corpus\Videos_Sentence_Level\i am sitting in the class\sitting (4).MP4,I SITTING CLASS,5,ISL_0196_S5
how can i trust you,ISL_CSLRT_Corpus\Videos_Sentence_Level\how can i trust you\trust (5).MP4,I TRUST YOU HOW ,2,ISL_0132_S2
i got hurt,ISL_CSLRT_Corpus\Videos_Sentence_Level\i got hurt\got hurt (3).MP4,I GOT HURT,6,ISL_0246_S6
i am really grateful,ISL_CSLRT_Corpus\Videos_Sentence_Level\i am really grateful\MVI_6395.MP4,I REALLY GRATEFUL,3,ISL_0190_S3
i got hurt,ISL_CSLRT_Corpus\Videos_Sentence_Level\i got hurt\got hurt (5).MP4,I GOT HURT,0,ISL_0248_S0
what you want,ISL_CSLRT_Corpus\Videos_Sentence_Level\what you want\what you want (3).MP4,YOU WANT WHAT ,0,ISL_0409_S0
i am tired,ISL_CSLRT_Corpus\Videos_Sentence_Level\i am tired\tired (3).MP4,I TIRED,5,ISL_0210_S5
what do you do,ISL_CSLRT_Corpus\Videos_Sentence_Level\what do you do\what do you do (4).MP4,YOU DO WHAT ,6,ISL_0385_S6
wear the shirt,ISL_CSLRT_Corpus\Videos_Sentence_Level\wear the shirt\shirt (3).MP4, SHIRT WEAR,0,ISL_0369_S0
can you repeat that please,ISL_CSLRT_Corpus\Videos_Sentence_Level\can you repeat that please\can you repeat that please (6).MP4,YOU REPEAT PLEASE,0,ISL_0026_S0
do me a favour,ISL_CSLRT_Corpus\Videos_Sentence_Level\do me a favour\favour (5).MP4,DO  FAVOUR ME,6,ISL_0045_S6
i am feeling cold,ISL_CSLRT_Corpus\Videos_Sentence_Level\i am feeling cold\cold (3).MP4,I FEEL COLD,2,ISL_0165_S2
i am suffering from fever,ISL_CSLRT_Corpus\Videos_Sentence_Level\i am suffering from fever\fever (2).MP4,I FEVER SUFFERING  ,4,ISL_0204_S4
"you need a medicine, take this one","ISL_CSLRT_Corpus\Videos_Sentence_Level\you need a medicine, take this one\medicine.MP4","YOU NEED A MEDICINE, TAKE THIS ONE",4,ISL_0471_S4
what you want,ISL_CSLRT_Corpus\Videos_Sentence_Level\what you want\what you want (5).MP4,YOU WANT WHAT ,0,ISL_0411_S0
why are you crying,ISL_CSLRT_Corpus\Videos_Sentence_Level\why are you crying\crying (4).MP4, YOU CRY WHY,5,ISL_0434_S5
bring water for me,ISL_CSLRT_Corpus\Videos_Sentence_Level\bring water for me\bring water for me (3).MP4,BRING WATER ME,3,ISL_0012_S3
it was nice chatting with you,ISL_CSLRT_Corpus\Videos_Sentence_Level\it was nice chatting with you\MVI_6107.MP4,YOU CHAT NICE,5,ISL_0280_S5
are you hiding something,ISL_CSLRT_Corpus\Videos_Sentence_Level\are you hiding something\MVI_6958.MP4,YOU HIDE SOMETHING,3,ISL_0010_S3
can i help you,ISL_CSLRT_Corpus\Videos_Sentence_Level\can i help you\cannot help.MP4,I HELP YOU,5,ISL_0016_S5
i am tired,ISL_CSLRT_Corpus\Videos_Sentence_Level\i am tired\tired (5).MP4,I TIRED,3,ISL_0212_S3
let him take time,ISL_CSLRT_Corpus\Videos_Sentence_Level\let him take time\time (2).MP4,LET HIM TAKE TIME,5,ISL_0285_S5
where are you from,ISL_CSLRT_Corpus\Videos_Sentence_Level\where are you from\where are you from (3).MP4,YOU FROM WHERE ,4,ISL_0419_S4
help me,ISL_CSLRT_Corpus\Videos_Sentence_Level\help me\help me (4).MP4,HELP ME,2,ISL_0112_S2
where are you from,ISL_CSLRT_Corpus\Videos_Sentence_Level\where are you from\where are you from (1).MP4,YOU FROM WHERE ,3,ISL_0418_S3
hi how are you,ISL_CSLRT_Corpus\Videos_Sentence_Level\hi how are you\hi how are you (4).MP4,HI HOW YOU,5,ISL_0116_S5
what you want,ISL_CSLRT_Corpus\Videos_Sentence_Level\what you want\what you want (3).MP4,YOU WANT WHAT ,4,ISL_0409_S4
do not worry,ISL_CSLRT_Corpus\Videos_Sentence_Level\do not worry\worry (4).MP4,DONOT WORRY,0,ISL_0068_S0
had your food,ISL_CSLRT_Corpus\Videos_Sentence_Level\had your food\food (3).MP4, FOOD HAD,3,ISL_0082_S3
"you do anything, i do not care","ISL_CSLRT_Corpus\Videos_Sentence_Level\you do anything, i do not care\dont care.MP4","YOU DO ANYTHING, I DONOT CARE",6,ISL_0466_S6
you are good,ISL_CSLRT_Corpus\Videos_Sentence_Level\you are good\good (3).MP4,YOU GOOD,3,ISL_0449_S3
i do not agree,ISL_CSLRT_Corpus\Videos_Sentence_Level\i do not agree\agree (3).MP4,I AGREE DONOT ,6,ISL_0224_S6
"you do anything, i do not care","ISL_CSLRT_Corpus\Videos_Sentence_Level\you do anything, i do not care\dont care (2).MP4","YOU DO ANYTHING, I DONOT CARE",3,ISL_0465_S3
congratulations,ISL_CSLRT_Corpus\Videos_Sentence_Level\congratulations\congratulations (3).MP4,CONGRATULATIIONS,0,ISL_0032_S0
my name is xxxxxxxx,ISL_CSLRT_Corpus\Videos_Sentence_Level\my name is xxxxxxxx\my name is xxxxxxxx (2).MP4,MY NAME XXXXXXXX,3,ISL_0291_S3
i am hungry,ISL_CSLRT_Corpus\Videos_Sentence_Level\i am hungry\i am hungry   (3).MP4,I HUNGRY,5,ISL_0174_S5
what happened,ISL_CSLRT_Corpus\Videos_Sentence_Level\what happened\MVI_6495.MP4,HAPPENED WHAT ,1,ISL_0401_S1
you are bad,ISL_CSLRT_Corpus\Videos_Sentence_Level\you are bad\bad (4).MP4,YOU BAD,5,ISL_0444_S5
what happened,ISL_CSLRT_Corpus\Videos_Sentence_Level\what happened\happened (3).MP4,HAPPENED WHAT ,1,ISL_0399_S1
No need to worry dont worry,ISL_CSLRT_Corpus\Videos_Sentence_Level\No need to worry dont worry\MVI_6496.MP4,NO NEED WORRY DONT WORRY,6,ISL_0300_S6
serve the food,ISL_CSLRT_Corpus\Videos_Sentence_Level\serve the food\serve 1.MP4,FOOD SERVE ,1,ISL_0320_S1
do not make me angry,ISL_CSLRT_Corpus\Videos_Sentence_Level\do not make me angry\me angry.MP4,YOU ANGRY DONOT,0,ISL_0059_S0
